{"cameraMode":{"drawMode":0,"name":"Shaded","section":"Shading Mode"},"sceneLighting":true,"audioPlay":false,"sceneViewState":{"showFog":true,"showMaterialUpdate":false,"showSkybox":true,"showFlares":true,"showImageEffects":true,"showParticleSystems":true},"in2DMode":false,"pivot":{"x":679.8758544921875,"y":237.84814453125,"z":176.1749725341797},"rotation":{"x":0.43811294436454775,"y":-0.03638922795653343,"z":0.017753252759575845,"w":0.898008406162262},"size":996.6476440429688,"orthographic":true}