{"cameraMode":{"drawMode":0,"name":"Shaded","section":"Shading Mode"},"sceneLighting":true,"audioPlay":false,"sceneViewState":{"showFog":true,"showMaterialUpdate":false,"showSkybox":true,"showFlares":true,"showImageEffects":true,"showParticleSystems":true},"in2DMode":false,"pivot":{"x":3.326307773590088,"y":4.809314727783203,"z":7.720685958862305},"rotation":{"x":-0.06596911698579788,"y":-0.09355855733156204,"z":0.006212886422872543,"w":-0.9934061169624329},"size":10.0,"orthographic":false}